{
  "features": [
    "mean_field_conf",
    "structural_fraction"
  ],
  "raw_coef": [
    29.51367149377921,
    10.469313115270728
  ],
  "raw_intercept": -35.97967077229654,
  "oof_auc": 0.9154732254047322,
  "oof_brier": 0.1189225104427895
}