{
  "features": [
    "mean_field_conf",
    "structural_fraction"
  ],
  "raw_coef": [
    21.02372622987069,
    9.995481628180423
  ],
  "raw_intercept": -27.938283561834304,
  "oof_auc": 0.9156288916562889,
  "oof_brier": 0.12090202634245192
}