{
  "features": [
    "mean_field_conf",
    "structural_fraction"
  ],
  "raw_coef": [
    22.046231141598845,
    9.628655074242298
  ],
  "raw_intercept": -28.399788541782417,
  "oof_auc": 0.9286294691224269,
  "oof_brier": 0.1094409913611268
}